rule_id,title,origin,assessment,proposed_case,event_ids,rationale,path,sha256,source_url
3e5ab8cf-6872-477e-83f1-82fd0d30aea5,WMI Event Filter (Sysmon Alert),hayabusa,defer-profile-attribution,wmi_filter_named,[19],Requires nonempty/non-dash RuleName. Current Sysmon profile has no named WMI predicates; WMI registration also needs attribution by owned object identity beyond the existing process-GUID join. No automatic admission merely because Event 19 is collected.,hayabusa/sysmon/Sysmon_19_WmiEventFilterActivity_RuleAlert.yml,1c21b296f5628a2aab35e201988d0da7ff126b56eca06ca5bdeacefc97c07a0d,https://github.com/Yamato-Security/hayabusa-rules/blob/fffbdd179c8c8c7554368c443f9ba2917877f108/hayabusa/sysmon/Sysmon_19_WmiEventFilterActivity_RuleAlert.yml
8d1487f1-7664-4bda-83b5-cb2f79491b6a,Proc Exec (Non-Exe Filetype),hayabusa,defer-corpus-change,non_exe_process,[1],Hayabusa-native rather than Sigma-derived. Executing a benign non-.exe helper is plausible but duplicates image-name mechanism and changes the stated rule-origin scope; not a priority.,hayabusa/sysmon/Sysmon_1_High_ProcExec_NonExeProcExec.yml,6a79d72af3407b10ecdcc76a3b368d3d742f16cf707596612075ed19bf292dff,https://github.com/Yamato-Security/hayabusa-rules/blob/fffbdd179c8c8c7554368c443f9ba2917877f108/hayabusa/sysmon/Sysmon_1_High_ProcExec_NonExeProcExec.yml
f7606dcf-1408-4573-b243-dc9d232cebfe,WMI Event Consumer (Sysmon Alert),hayabusa,defer-profile-attribution,wmi_consumer_named,[20],Same RuleName dependency and WMI object-attribution gap for Event 20. A collector-generated named match is a different experimental profile.,hayabusa/sysmon/Sysmon_20_Med_WmiEventConsumerActivity_RuleAlert.yml,c99d13d8cbb4f13d33065b7379249b8166a44dc7e5b17208ca540c94ae4678b9,https://github.com/Yamato-Security/hayabusa-rules/blob/fffbdd179c8c8c7554368c443f9ba2917877f108/hayabusa/sysmon/Sysmon_20_Med_WmiEventConsumerActivity_RuleAlert.yml
6464ba9e-a285-42f8-a1ea-419ef4c867e1,WMI Event Consumer To Filter (Sysmon Alert),hayabusa,defer-profile-attribution,wmi_binding_named,[21],Same RuleName dependency and WMI attribution gap for Event 21. Binding introduces activation/lifecycle complexity; defer.,hayabusa/sysmon/Sysmon_21_Med_WmiEventConsumerToFilterActivity_RuleAlert.yml,a983c588047aadf78012edce04086d666db78a020d02e8b73544b2769da6cff9,https://github.com/Yamato-Security/hayabusa-rules/blob/fffbdd179c8c8c7554368c443f9ba2917877f108/hayabusa/sysmon/Sysmon_21_Med_WmiEventConsumerToFilterActivity_RuleAlert.yml
48ee073d-8109-4622-aa29-73f2b378683e,Clipboard Change (Sysmon Alert),hayabusa,defer-profile-session,clipboard_named,[24],Hayabusa-native Event 24 plus nonempty/non-dash RuleName. Requires collector-profile and session/clipboard fixture work; not a simple additional test under present profile.,hayabusa/sysmon/Sysmon_24_Med_ClipboardChange_RuleAlert.yml,8af0821eb7277c1f2d7da22cf4bc40c4e0718ca90a0e91d2dde5577c4841ce13,https://github.com/Yamato-Security/hayabusa-rules/blob/fffbdd179c8c8c7554368c443f9ba2917877f108/hayabusa/sysmon/Sysmon_24_Med_ClipboardChange_RuleAlert.yml
c1d21dc3-fcd0-43c7-80d3-b895f0e4c08e,Proc Tampering,hayabusa,defer-mechanism,process_tampering,[25],"Event 25 requires a real image-tampering mechanism, not ordinary process creation. Adds substantial mechanism and attribution complexity and is Hayabusa-native; defer from this bounded runtime comparison.",hayabusa/sysmon/Sysmon_25_Med_ProcessTampering.yml,90db03a01e3ba5c143d769277f9ae2c55d9c163d7eb0b593076fb4c8f0ef65dc,https://github.com/Yamato-Security/hayabusa-rules/blob/fffbdd179c8c8c7554368c443f9ba2917877f108/hayabusa/sysmon/Sysmon_25_Med_ProcessTampering.yml
b021180b-ea62-4709-94ce-05a75637eec5,Raw Access Read,hayabusa,secondary-diagnostic,generic_raw_read,[9],Hayabusa-native event-only rule can incidentally match the proposed Sigma raw-read case. Do not count it as a second independent case or silently change the Sigma-only primary selection.,hayabusa/sysmon/Sysmon_9_Med_RawAccessRead.yml,0de15af6ce79ef4538ae9918c567132eeab8c3634ffd820db22e147fb8b8e723,https://github.com/Yamato-Security/hayabusa-rules/blob/fffbdd179c8c8c7554368c443f9ba2917877f108/hayabusa/sysmon/Sysmon_9_Med_RawAccessRead.yml
26dd6cb5-1ad6-7f44-8b01-7fff731771c0,Rare Remote Thread Creation By Uncommon Source Image,sigma,defer-identity,remote_thread_source_identity,[8],Requires one of many named source applications. A renamed probe is not evidence of those applications behavior; common-tool execution would dominate. Existing remote-thread case is a better controlled basis.,sigma/sysmon/create_remote_thread/create_remote_thread_win_susp_relevant_source_image.yml,94a737ebc91677b551e9125160dad825b3eb0f79844b45d26dcd1534b6b99427,https://github.com/Yamato-Security/hayabusa-rules/blob/fffbdd179c8c8c7554368c443f9ba2917877f108/sigma/sysmon/create_remote_thread/create_remote_thread_win_susp_relevant_source_image.yml
f82602cb-215f-3a1f-38ff-e7b8fb2dcd66,Remote Thread Creation By Uncommon Source Image,sigma,defer-identity,remote_thread_shell_identity,[8],Requires explorer/msiexec/other named application identity and complex exclusions. Not a simple language-native port under current fixture contract.,sigma/sysmon/create_remote_thread/create_remote_thread_win_susp_uncommon_source_image.yml,5f060642845754b8da295507dda89536f66dbb45a2ba9f24b05e3b58b5ba501c,https://github.com/Yamato-Security/hayabusa-rules/blob/fffbdd179c8c8c7554368c443f9ba2917877f108/sigma/sysmon/create_remote_thread/create_remote_thread_win_susp_uncommon_source_image.yml
800a753c-045e-a840-1c7b-2c7e746e2e9b,Creation Of a Suspicious ADS File Outside a Browser Download,sigma,alternative-not-additive,ads_zone_prefix,[15],"Alternative to numeric-IP Contents regex: requires the exact flattened ZoneTransfer/ZoneId prefix and executable-like filename, excluding browsers. Qualify actual Sysmon formatting first; avoid counting both content rules as separate mechanisms.",sigma/sysmon/create_stream_hash/create_stream_hash_creation_internet_file.yml,47caffac252e1207ce65d4ba7c5b4addb2f6f8750b88115a57548d3778cd43ae,https://github.com/Yamato-Security/hayabusa-rules/blob/fffbdd179c8c8c7554368c443f9ba2917877f108/sigma/sysmon/create_stream_hash/create_stream_hash_creation_internet_file.yml
ab2ff24c-db1b-5500-252e-17a760e4fa8c,Suspicious File Download From File Sharing Websites -  File Stream,sigma,redundant-indicator,ads_host_indicator,[15],Contents domain list plus stream-extension predicate. Reuses the same proposed ADS operation with another string; record incidental matches instead of making a separate experiment solely to raise counts.,sigma/sysmon/create_stream_hash/create_stream_hash_file_sharing_domains_download_susp_extension.yml,fa89640c76f0c8bfa4bcf6d3d82796ec7111020b3ed1c5b58cc72bfd4ec917bd,https://github.com/Yamato-Security/hayabusa-rules/blob/fffbdd179c8c8c7554368c443f9ba2917877f108/sigma/sysmon/create_stream_hash/create_stream_hash_file_sharing_domains_download_susp_extension.yml
ecb9ed8e-9e96-85bd-a68e-c86d68005053,Unusual File Download from Direct IP Address,sigma,qualify-next,ads_provenance_contents,[15],"Adds Event 15 Contents regex to the existing stream-hash case. Write fixed synthetic Zone.Identifier text with a numeric-IP URL to an owned matching-extension carrier; verify bytes. This tests stream-content evidence, not a real download. Confirm live Contents formatting and process attribution.",sigma/sysmon/create_stream_hash/create_stream_hash_susp_ip_domains.yml,67afc1c3e044947a6ac901649dfa3673a44f028ca894f14f9b28be45008ec4a8,https://github.com/Yamato-Security/hayabusa-rules/blob/fffbdd179c8c8c7554368c443f9ba2917877f108/sigma/sysmon/create_stream_hash/create_stream_hash_susp_ip_domains.yml
d32bd6e0-d06c-97bd-6199-226bfdd744f4,Backup Files Deleted,sigma,defer-identity,backup_deletion_shell,"[23, 26]",Requires deletion by listed cmd/PowerShell/rundll32-like image. Deleting an owned .bak file with the native program would not match; a shell wrapper adds little runtime discrimination.,sigma/sysmon/file/file_delete/file_delete_win_delete_backup_file.yml,d4886b62ef700b26e6bf3c8a714dc981da60de88959106b634394590df0f3761,https://github.com/Yamato-Security/hayabusa-rules/blob/fffbdd179c8c8c7554368c443f9ba2917877f108/sigma/sysmon/file/file_delete/file_delete_win_delete_backup_file.yml
f12a81df-f0e4-022e-19bc-611939b04b6b,Potentially Suspicious Self Extraction Directive File Created,sigma,defer-profile,pe_sed_extension,[29],Same Event 29 profile gap with a .sed filename predicate. Incremental indicator coverage only; no separate mechanism.,sigma/sysmon/file/file_executable_detected/file_executable_detected_win_susp_embeded_sed_file.yml,b1eb86d9b88fbbe163dd7e7fafb1a482fb78372b4caf476cbb9ae89a8f1e48b3,https://github.com/Yamato-Security/hayabusa-rules/blob/fffbdd179c8c8c7554368c443f9ba2917877f108/sigma/sysmon/file/file_executable_detected/file_executable_detected_win_susp_embeded_sed_file.yml
1a758eb2-7a22-fb9e-a476-58d15c8f7501,CredUI.DLL Loaded By Uncommon Process,sigma,alternative-not-additive,signed_credui_load,[7],Alternative genuine system-DLL load from a nonexcluded program path. No credential UI or credential access is needed to test the load predicate. Shares the proposed signed-DLL mechanism; choose one primary target.,sigma/sysmon/image_load/image_load_dll_credui_uncommon_process_load.yml,2f59204af876c79e3937236750efaede944ffe6d9d86ab56c7b6559a70b946a2,https://github.com/Yamato-Security/hayabusa-rules/blob/fffbdd179c8c8c7554368c443f9ba2917877f108/sigma/sysmon/image_load/image_load_dll_credui_uncommon_process_load.yml
1b615dd1-9d33-03df-fb06-d8fc0ee7d654,Load Of RstrtMgr.DLL By An Uncommon Process,sigma,qualify-next,signed_system_library_load,[7],Adds legitimate signed OS-library loading to the existing unsigned .node fixture. Load the genuine fixed RstrtMgr.dll from its system path without invoking Restart Manager operations. Freeze DLL hash and measured executable path outside exclusions; verify module identity. Reject if it is already loaded in controls or the control emits the selected alert.,sigma/sysmon/image_load/image_load_dll_rstrtmgr_uncommon_load.yml,c2fe81f3e8aff9919b7905361073a64752ce87cbbe216ea9eb146bf79a7a467f,https://github.com/Yamato-Security/hayabusa-rules/blob/fffbdd179c8c8c7554368c443f9ba2917877f108/sigma/sysmon/image_load/image_load_dll_rstrtmgr_uncommon_load.yml
bda62baa-7c73-357c-f9c4-7467de997c23,Potential System DLL Sideloading From Non System Locations,sigma,redundant-indicator,system_name_library_load,[7],A stock-listed DLL basename outside approved locations can match. Loading a renamed harmless fixture would mostly duplicate existing unsigned .node loading plus a path/name predicate; it would not prove actual search-order hijacking.,sigma/sysmon/image_load/image_load_side_load_from_non_system_location.yml,bd7c48e40158bfbd86dd47af2c9e469052d11442882f06c397e2c5ecce63f4bf,https://github.com/Yamato-Security/hayabusa-rules/blob/fffbdd179c8c8c7554368c443f9ba2917877f108/sigma/sysmon/image_load/image_load_side_load_from_non_system_location.yml
d68b9672-4692-776b-b2b7-f6db8a2f17b2,Potential Vcruntime140 DLL Sideloading,sigma,secondary-diagnostic,runtime_dll_identity,[7],Legitimate validly signed C Runtime Library metadata is explicitly filtered. Ordinary CRT startup is not automatically an alert. Do not substitute an unsigned fake CRT to manufacture a runtime effect; inspect incidental startup alerts separately.,sigma/sysmon/image_load/image_load_side_load_vcruntime140.yml,0e111c818f8d67ed309cbb1f175af1ac2d3a8e63d7862a18f05469198eac5e05,https://github.com/Yamato-Security/hayabusa-rules/blob/fffbdd179c8c8c7554368c443f9ba2917877f108/sigma/sysmon/image_load/image_load_side_load_vcruntime140.yml
0d857f1c-698b-1bdf-6e08-fcde973ef799,Potential Direct Syscall of NtOpenProcess,sigma,secondary-diagnostic,calltrace_observation,[10],CallTrace starts UNKNOWN. Scientifically interesting but ordinary successful process access may not produce a C-reference alert. Inspect existing process-access captures as secondary evidence; do not introduce handcrafted syscall stubs to force qualification or label a C-negative case qualified.,sigma/sysmon/process_access/proc_access_win_susp_direct_ntopenprocess_call.yml,439df99d6b0e517425798bece3e5df7d7e3ba023fec2cc0382ec46264647e29f,https://github.com/Yamato-Security/hayabusa-rules/blob/fffbdd179c8c8c7554368c443f9ba2917877f108/sigma/sysmon/process_access/proc_access_win_susp_direct_ntopenprocess_call.yml
bab95f92-e0e8-0fd8-c984-435ae1693ce0,Potential CommandLine Obfuscation Using Unicode Characters From Suspicious Image,sigma,defer-identity,unicode_specific_shell,[1],Requires real listed shell identity and OriginalFileName as well as Unicode. A fixed shell child dominates the implementation; renaming the measured probe is not equivalent application behavior.,sigma/sysmon/process_creation/proc_creation_win_susp_cli_obfuscation_unicode_img.yml,9c930aa437368e9e609f927de24c271f3212ff073d3438e7704d5bef7d6cec06,https://github.com/Yamato-Security/hayabusa-rules/blob/fffbdd179c8c8c7554368c443f9ba2917877f108/sigma/sysmon/process_creation/proc_creation_win_susp_cli_obfuscation_unicode_img.yml
81f8032a-aff8-233a-6ff5-0d431009fe04,Potential Defense Evasion Via Right-to-Left Override,sigma,alternative-not-additive,rtl_child_arguments,[1],Same process/argument transport as proposed Unicode case. Actual U+202E is a valid predicate choice; literal escape/display strings also match but would weaken an encoding claim. Prefer one Unicode primary target.,sigma/sysmon/process_creation/proc_creation_win_susp_right_to_left_override.yml,ac504ee3fcc86b75dc81f951692912824d842181b5072aa2c0f3155adc77f5a4,https://github.com/Yamato-Security/hayabusa-rules/blob/fffbdd179c8c8c7554368c443f9ba2917877f108/sigma/sysmon/process_creation/proc_creation_win_susp_right_to_left_override.yml
f4ca1a32-116e-1b6b-6d74-233983928c00,Potential Defense Evasion Via Raw Disk Access By Uncommon Tools,sigma,qualify-next,raw_owned_volume_read,[9],"Adds Event 9 and raw-volume I/O. Use only a harness-created disposable virtual disk/volume with known bytes; read and verify without writing during measurement. Confirm raw-device naming, permissions, event emission, and GUID attribution. Direct native APIs may limit runtime sensitivity; that is a limitation, not a reason to force a difference.",sigma/sysmon/raw_access_thread/raw_access_thread_susp_disk_access_using_uncommon_tools.yml,15c57e5510b6ea629d489be9b7524f5e20589bf6bd4fa902b62bc8309dd7d7e8,https://github.com/Yamato-Security/hayabusa-rules/blob/fffbdd179c8c8c7554368c443f9ba2917877f108/sigma/sysmon/raw_access_thread/raw_access_thread_susp_disk_access_using_uncommon_tools.yml
637b003b-0264-fc60-1767-d6a688a5e302,Sysmon File Executable Creation Detected,sigma,defer-profile,pe_creation_sensor,[29],Event 29 rule is eligible but FileExecutableDetected is not configured explicitly in current sysmon.xml. Verify actual sensor enablement before admission; enabling it changes collection for all cases. Can initially evaluate existing benign PE creation fixtures rather than claim new behavior.,sigma/sysmon/sysmon/sysmon_file_executable_detected.yml,52d02ea08ad9ac13dd8422dc23dcccd1c0f8ce4f07b497c2c14fb590efbd6db4,https://github.com/Yamato-Security/hayabusa-rules/blob/fffbdd179c8c8c7554368c443f9ba2917877f108/sigma/sysmon/sysmon/sysmon_file_executable_detected.yml
fedc7a8c-ccbd-62df-314a-7aeaa18aa325,CreateRemoteThread API and LoadLibrary,sigma,conditional-second-wave,remote_library_thread,[8],"Adds StartModule/StartFunction predicates beyond current target-image remote-thread rule. Consider only an owned disposable helper and benign fixed DLL. Higher implementation burden, source GUID attribution, export forwarding and actual reported module/function require qualification; do not force a specific alert by changing the rule or varying behavior by runtime.",sigma/sysmon/threat-hunting/create_remote_thread/create_remote_thread_win_loadlibrary.yml,8c6535e507a7edbc5c5efe50f7696f7596d9b0be51379b0ca6e4e28e4acd9aea,https://github.com/Yamato-Security/hayabusa-rules/blob/fffbdd179c8c8c7554368c443f9ba2917877f108/sigma/sysmon/threat-hunting/create_remote_thread/create_remote_thread_win_loadlibrary.yml
c13d831a-a43c-7104-5d29-64549edf40f7,Task Scheduler DLL Loaded By Application Located In Potentially Suspicious Location,sigma,redundant-indicator,task_scheduler_library,[7],"Actual taskschd.dll load from a specified process location is feasible, but adds another DLL/path predicate rather than proving scheduled-task creation. Retain as an alternative only.",sigma/sysmon/threat-hunting/image_load/image_load_dll_taskschd_by_process_in_potentially_suspicious_location.yml,4cdf3e87452e5bccd39377b8ee1f45b43abe904342770e858ee4b5c820bea98b,https://github.com/Yamato-Security/hayabusa-rules/blob/fffbdd179c8c8c7554368c443f9ba2917877f108/sigma/sysmon/threat-hunting/image_load/image_load_dll_taskschd_by_process_in_potentially_suspicious_location.yml
29811a95-71fb-7dcf-dacd-7e0a4b8bc4c3,Signed DLL Loaded With Missing PE Version Metadata,sigma,defer-fixture,signed_metadata_empty,[7],Requires a valid non-Microsoft signature and wholly absent version metadata outside system paths. Certificate trust and crafted artifact metadata would dominate; limited incremental runtime value.,sigma/sysmon/threat-hunting/image_load/image_load_win_signed_dll_no_metadata.yml,d7752dba245139983f818b85e15fbf8b35e3f631b3e06c81da6783bff500f731,https://github.com/Yamato-Security/hayabusa-rules/blob/fffbdd179c8c8c7554368c443f9ba2917877f108/sigma/sysmon/threat-hunting/image_load/image_load_win_signed_dll_no_metadata.yml
efe8a84a-0bef-c646-b13a-5a3cbe2b01b9,Potential CommandLine Obfuscation Using Unicode Characters,sigma,qualify-next,unicode_child_arguments,[1],High relevance to runtime argument construction and encoding; Event 1 CommandLine contains one of the listed Unicode characters. Launch a fixed benign helper with identical Unicode argv and require exact argv receipt. Freeze wide-character semantics across languages; do not compare ANSI and Unicode APIs as if only runtime changed.,sigma/sysmon/threat-hunting/process_creation/proc_creation_win_susp_cli_obfuscation_unicode.yml,31dab25e0e6fc6ce8bbfb8ab11f645e64be7058e47426953ffbef3b27cad468c,https://github.com/Yamato-Security/hayabusa-rules/blob/fffbdd179c8c8c7554368c443f9ba2917877f108/sigma/sysmon/threat-hunting/process_creation/proc_creation_win_susp_cli_obfuscation_unicode.yml
18aa5578-4930-e3f7-01d6-49277db69f4f,Suspicious Encoded Scripts in a WMI Consumer,sigma,defer-attribution,wmi_encoded_contents,"[19, 20, 21]","Sigma Destination base64-offset predicate does not require RuleName, but a benign unbound consumer needs explicit object ownership, independent readback, cleanup, and new attribution logic. Meaningful future COM/WMI family; not ready under current harness.",sigma/sysmon/wmi_event/sysmon_wmi_susp_encoded_scripts.yml,aeee1335154635a31a4edd95e5c213f5d5c367d1239f452a61ac65cb6c6e94c9,https://github.com/Yamato-Security/hayabusa-rules/blob/fffbdd179c8c8c7554368c443f9ba2917877f108/sigma/sysmon/wmi_event/sysmon_wmi_susp_encoded_scripts.yml
56bbb635-99ed-e718-f300-582130579092,Suspicious Scripting in a WMI Consumer,sigma,defer-attribution,wmi_script_contents,"[19, 20, 21]",Sigma Destination script-string predicates. Benign inert/unbound content can test registration without executing a script; current process-only attribution is insufficient to assume ownership. Defer until a separate WMI contract exists.,sigma/sysmon/wmi_event/sysmon_wmi_susp_scripting.yml,b080a50e0b17d028232f7ecec0ab5c93663cadab962eb4b522ab05a7b1346681,https://github.com/Yamato-Security/hayabusa-rules/blob/fffbdd179c8c8c7554368c443f9ba2917877f108/sigma/sysmon/wmi_event/sysmon_wmi_susp_scripting.yml
